{
    "usuarios": [
      {
        "id": 1,
        "nome": "Ana Souza",
        "email": "ana@example.com"
      },
      {
        "id": 2,
        "nome": "Bruno Lima",
        "email": "bruno@example.com"
      }
    ],
    "receitas": [
        {
            "id": 1,
            "nome": "Risotto",
            "imagem": "images/0bea444f-d141-4101-99dd-eb497aa8b588-unnamed.png",
            "ingredientes": ["Arroz arbóreo", "Caldo de legumes", "Queijo parmesão"],
            "preparo": "Refogue o arroz, adicione o caldo aos poucos e finalize com queijo."
        },
        {
            "id": 2,
            "nome": "Macarrão a Carbonara",
            "imagem": "images/66abdc6bb23453a93e91b5edd6dc722a.png",
            "ingredientes": ["Macarrão", "Ovos", "Bacon", "Queijo parmesão"],
            "preparo": "Cozinhe o macarrão, frite o bacon e misture com ovos e queijo."
        },
        {
            "id": 3,
            "nome": "Pudim de Leite",
            "imagem": "images/pudim.png",
            "ingredientes": ["Leite condensado", "Leite", "Ovos", "Açúcar"],
            "preparo": "Misture os ingredientes, caramelize a forma e asse em banho-maria."
        },
        {
            "id": 4,
            "nome": "Mousse de Maracujá",
            "imagem": "images/mousse-maracuja.png",
            "ingredientes": ["Suco de maracujá", "Leite condensado", "Creme de leite"],
            "preparo": "Misture tudo no liquidificador e leve à geladeira."
        }
    ]
}
